{
  "version": 1,
  "author": "Akun Game",
  "editor": "wokwi",
  "parts": [
    { "type": "wokwi-esp32-devkit-v1", "id": "esp", "top": 0, "left": 0, "attrs": {} },
    {
      "type": "wokwi-led",
      "id": "led1",
      "top": -4.19,
      "left": 199.06,
      "attrs": { "color": "red" }
    },
    {
      "type": "wokwi-resistor",
      "id": "r1",
      "top": 24.54,
      "left": 130.08,
      "attrs": { "value": "1000" }
    },
    { "type": "wokwi-dht22", "id": "dht1", "top": 18.26, "left": 240.16, "attrs": {} },
    { "type": "wokwi-servo", "id": "servo1", "top": 150.22, "left": 160.99, "attrs": {} }
  ],
  "connections": [
    [ "esp:TX0", "$serialMonitor:RX", "", [] ],
    [ "esp:RX0", "$serialMonitor:TX", "", [] ],
    [ "led1:C", "r1:2", "green", [ "v0" ] ],
    [ "r1:1", "esp:D5", "green", [ "v0" ] ],
    [ "led1:A", "esp:GND.1", "black", [ "v0" ] ],
    [ "servo1:GND", "esp:GND.1", "black", [ "h-27.3", "v-51.26", "h-32.39" ] ],
    [ "servo1:V+", "esp:3V3", "red", [ "h-38.56", "v-50.09", "h-2.96" ] ],
    [ "dht1:VCC", "esp:3V3", "red", [ "v-4.95", "h-133.92", "v32.01" ] ],
    [ "dht1:GND", "esp:GND.1", "black", [ "v0" ] ],
    [ "dht1:SDA", "esp:D2", "green", [ "v9.87", "h-139.27", "v-5.33" ] ],
    [ "servo1:PWM", "esp:D4", "green", [ "h-46.86", "v-97.53", "h-2.96" ] ]
  ],
  "dependencies": {}
}